title;date;subject
9급 지방직 공무원;2023-06-10;HISTORY
9급 지방직 공무원;2022-06-18;HISTORY
9급 지방직 공무원;2021-06-05;HISTORY
9급 지방직 공무원;2020-06-13;HISTORY
9급 지방직 공무원;2019-06-15;HISTORY
9급 지방직 공무원;2018-05-19;HISTORY
9급 지방직 공무원;2017-06-17;HISTORY
9급 지방직 공무원;2017-04-08;HISTORY
9급 지방직 공무원;2017-12-16;HISTORY
9급 지방직 공무원;2016-06-18;HISTORY
9급 지방직 공무원;2016-03-19;HISTORY
9급 지방직 공무원;2015-06-27;HISTORY
9급 지방직 공무원;2015-03-14;HISTORY
9급 지방직 공무원;2014-06-21;HISTORY
9급 지방직 공무원;2014-03-22;HISTORY
9급 지방직 공무원;2013-08-24;HISTORY
9급 지방직 공무원;2012-05-12;HISTORY
9급 지방직 공무원;2011-05-13;HISTORY
9급 지방직 공무원;2010-05-22;HISTORY
9급 지방직 공무원;2009-05-23;HISTORY
9급 지방직 공무원;2008-05-25;HISTORY
9급 지방직 공무원;2023-06-10;ENGLISH
9급 지방직 공무원;2022-06-18;ENGLISH
9급 지방직 공무원;2021-06-05;ENGLISH
9급 지방직 공무원;2020-06-13;ENGLISH
9급 지방직 공무원;2019-06-15;ENGLISH
9급 지방직 공무원;2018-05-19;ENGLISH
9급 지방직 공무원;2017-06-17;ENGLISH
9급 지방직 공무원;2017-04-08;ENGLISH
9급 지방직 공무원;2017-12-16;ENGLISH
9급 지방직 공무원;2016-06-18;ENGLISH
9급 지방직 공무원;2016-03-19;ENGLISH
9급 지방직 공무원;2015-06-27;ENGLISH
9급 지방직 공무원;2015-03-14;ENGLISH
9급 지방직 공무원;2014-06-21;ENGLISH
9급 지방직 공무원;2014-03-22;ENGLISH
9급 지방직 공무원;2013-08-24;ENGLISH
9급 지방직 공무원;2012-05-12;ENGLISH
9급 지방직 공무원;2011-05-13;ENGLISH
9급 지방직 공무원;2010-05-22;ENGLISH
9급 지방직 공무원;2009-05-23;ENGLISH
9급 지방직 공무원;2008-05-25;ENGLISH
9급 지방직 공무원;2023-06-10;KOREAN
9급 지방직 공무원;2022-06-18;KOREAN
9급 지방직 공무원;2021-06-05;KOREAN
9급 지방직 공무원;2020-06-13;KOREAN
9급 지방직 공무원;2019-06-15;KOREAN
9급 지방직 공무원;2018-05-19;KOREAN
9급 지방직 공무원;2017-06-17;KOREAN
9급 지방직 공무원;2017-04-08;KOREAN
9급 지방직 공무원;2017-12-16;KOREAN
9급 지방직 공무원;2016-06-18;KOREAN
9급 지방직 공무원;2016-03-19;KOREAN
9급 지방직 공무원;2015-06-27;KOREAN
9급 지방직 공무원;2015-03-14;KOREAN
9급 지방직 공무원;2014-06-21;KOREAN
9급 지방직 공무원;2014-03-22;KOREAN
9급 지방직 공무원;2013-08-24;KOREAN
9급 지방직 공무원;2012-05-12;KOREAN
9급 지방직 공무원;2011-05-13;KOREAN
9급 지방직 공무원;2010-05-22;KOREAN
9급 지방직 공무원;2009-05-23;KOREAN
9급 지방직 공무원;2008-05-25;KOREAN